lineno,rec_type,rec_ver,day,date,start,end,duration,customer,rec_state,comment,remainder
19,TIME,4.1,Wed,2019-11-27,TEST,TEST,01.00,TEST TEST TEST,new,COMMENT,Stuff at the end of line
24,TIME,4.1,Tue,2019-12-10,START,END,01.00,Admin,new,"Email, Slack, timekeeping",
31,TIME,4.1,Tue,2019-12-10,START,END,07.00,TMO,new,TMO activities and events,
36,TIME,4.1,Mon,2019-12-09,START,END,01.00,Admin,new,"Email, Slack, timekeeping",
47,TIME,4.1,Mon,2019-12-09,START,END,07.00,TMO,new,TMO activities and events.,
67,TIME,4.1,Fri,2019-12-06,START,END,01.00,Admin,a,"Email, Slack, timekeeping",
87,TIME,4.1,Fri,2019-12-06,START,END,01.00,Coach Couch,a,COMMENT,
98,TIME,4.1,Fri,2019-12-06,START,END,06.00,TMO,a,"Connect to TMO Confluence.  Connect to VPN, Outlook. Revise Architecturea. ",
132,TIME,4.1,Thu,2019-12-05,START,END,01.00,Admin,a,"Email, Slack, timekeeping",
139,TIME,4.1,Thu,2019-12-05,START,END,07.00,TMO TMUS-40,a,Journey development.,
166,TIME,4.1,Wed,2019-12-04,START,END,01.00,Admin,a,"Email, Slack, timekeeping",
171,TIME,4.1,Wed,2019-12-04,START,END,07.00,TMO,a,COMMENT,
200,TIME,4.1,Tue,2019-12-03,START,END,01.00,Admin,a,"Email, Slack, timekeeping",
207,TIME,4.1,Tue,2019-12-03,START,END,07.00,TMO,a,COMMENT,
234,TIME,4.1,Mon,2019-12-02,START,END,01.00,Admin,a,"Email, Slack, timekeeping",
246,TIME,4.1,Mon,2019-12-02,START,END,07.00,TMO TMUS-40,a,Architecture journey,
289,TIME,4.1,Wed,2019-11-27,START,END,01.00,Admin,a,"Email, Slack, timekeeping",
324,TIME,4.1,Wed,2019-11-27,START,END,ELAPSED,TMO TMUS-40,a,Build Start_Here doc. Build Team Agreements.  Modify journey map template.  Refine Architectural Features doc.,
331,TIME,4.1,Tue,2019-11-26,START,END,ELAPSED,Admin,a,"Email, Slack, timekeeping",
339,TIME,4.1,Tue,2019-11-26,START,END,07.00,TMO TMUS-40,a,"Watch Jira Align videos. Study Transforming T-Mobile pptx, gdocs, template files. Acclimation to gdocs organization. Begin writing Architecture features.",
391,TIME,4.1,Mon,2019-11-25,START,END,01.00,Admin,a,"Email, Slack, timekeeping",
400,TIME,4.1,Mon,2019-11-25,START,END,01.00,Admin,a,Create new bio with Scott's format,
406,TIME,4.1,Mon,2019-11-25,START,END,04.00,TMO,a,"Kickoff meeting.  Research TMO assets, gdocs, Jira Align",
410,TIME,4.1,Mon,2019-11-25,START,END,01.00,Kit Discovery,a,"Review the Epic with Dan W, CF pages, new navigation, etc",
484,TIME,4.1,Mon,2019-11-25,START,END,01.00,MetaBank,a,"Call prep. Zoom w Randy Wilk. Followup, send file",
500,TIME,4.1,Fri,2019-11-22,START,END,01.00,Admin,a,"Email, Slack, timekeeping",
513,TIME,4.1,Fri,2019-11-22,START,END,03.50,Kit Discovery OTE-10,a,Modify pages based on review. Update Technique paper. Update pre-sales deck.,
531,TIME,4.1,Fri,2019-11-22,START,END,02.50,MetaBank,a,"Prep for call.  Zoom call with Shelly Schneekloth, Randy Wilk. Email with Randy Wilk.",
537,TIME,4.1,Fri,2019-11-22,START,END,00.50,Kit Discovery OTE-10,a,Zoom call with Dan Weikert. Review OTE-10 work.,
549,TIME,4.1,Fri,2019-11-22,START,END,00.50,Admin TIME-3,a,Coach's Couch,
569,TIME,4.1,Thu,2019-11-21,START,END,01.00,Admin,a,"Email, Slack, timekeeping",
571,TIME,4.1,Thu,2019-11-21,START,END,00.50,Admin,a,"Respond to email from EHI VP, Dan Wessel.",
579,TIME,4.1,Thu,2019-11-21,START,END,06.50,Kit Discovery OTE-10,a,"Refine Kickoff, Interview, pages, Technique Paper",
586,TIME,4.1,Wed,2019-11-20,START,END,01.00,Admin,a,"Email, Slack, timekeeping",
597,TIME,4.1,Wed,2019-11-20,START,END,05.50,Kit Discovery OTE-10,a,Rewrite survey questions.Create scheduling spreadsheet. Refine Technique paper. ,
638,TIME,4.1,Wed,2019-11-20,START,END,01.00,TMO TMUS-40,a,Kickoff Meeting,
648,TIME,4.1,Wed,2019-11-20,START,END,00.50,Admin,a,Eddie Nicoall updating my profile information.,
655,TIME,4.1,Tue,2019-11-19,START,END,01.00,Admin,a,"Email, Slack, timekeeping",
660,TIME,4.1,Tue,2019-11-19,START,END,00.50,MetaBank,a,"Create event for Fri, 11A Zoom meeting with Shelly. Email with Randy Wilk",
679,TIME,4.1,Tue,2019-11-19,START,END,04.00,Kit Discovery OTE-10,a,Big rewrites of Discovery Technique CF page. Create child pages.,
706,TIME,4.1,Tue,2019-11-19,START,END,02.50,Kit Admin OTE-32,a,Demo OTE-10 work. Kit docs. MetaBank docs. Kit CF pages.,
731,TIME,4.1,Mon,2019-11-18,START,END,01.00,Admin,a,"Email, Slack, timekeeping",
736,TIME,4.1,Mon,2019-11-18,START,END,01.50,Kit Discovery OTE-10,a,"Study & update CF, Lean Agile Transformation Discovery Materials",
790,TIME,4.1,Mon,2019-11-18,START,END,.75,"Sales Support, City National Bank",a,Study email from karen Deer. Email to Bryan,
794,TIME,4.1,Mon,2019-11-18,START,END,01.50,Admin,a,USAA interview.  Lisa Zentz,
828,TIME,4.1,Mon,2019-11-18,START,END,01.50,"Presales, Steward Healthcare",a,Call prep. Call w client. Steward healthcare. ,TEST TEST An end of line comment
927,TIME,4.1,Mon,2019-11-18,START,END,02.00,"Sales Support, Daktronics",a,Brookings S.D. Liz Earl. Pre-call study. Call w customer. Daktronics,
934,TIME,4.1,Fri,2019-11-15,START,END,01.00,Admin,a,"Email, Slack, timekeeping",TEST TEST the gethrs script
940,TIME,4.1,Fri,2019-11-15,START,END,01.75,Kit Discovery OTE-10,a,"Study layout, content, Confluence objects. Structure",
942,TIME,4.1,Fri,2019-11-15,START,END,01.00,Admin,a,Apologies. Sort out my timekeeping challenges. This week and last. Now I am using Tempo to better advantage.,
949,TIME,4.1,Fri,2019-11-15,START,END,00.50,Admin USAA,a,Talk w Audrey.  Email with Lisa Zentz. USAA,
954,TIME,4.1,Fri,2019-11-15,START,END,00.500,Admin,a,Assist Tools staff debug poor Jira performance.,
958,TIME,4.1,Fri,2019-11-15,START,END,01.00,Sales Support,a,Client call. City National Bank. Bryan Wat,
998,TIME,4.1,Fri,2019-11-15,START,END,00.50,Sales Support,a,Prep call. City National Bank. Bryan Wat,
1017,TIME,4.1,Fri,2019-11-15,START,END,00.75,Admin USAA,a,USAA. Talk w Steve Klein prior to interview,
1061,TIME,4.1,Fri,2019-11-15,START,END,01.25,Admin,a,Scaled Agile Practice Review,
1095,TIME,4.1,Thu,2019-11-14,START,END,01.00,Admin,a,"Email, Slack, timekeeping",
1105,TIME,4.1,Thu,2019-11-14,START,END,05.50,Kit Discovery OTE-10,a,"Finish SOW rewrite, interview questions rewrite",
1115,TIME,4.1,Thu,2019-11-14,START,END,00.50,Sales Support TIME-12,a,"City National Bank, Bryan Wat",
1124,TIME,4.1,Thu,2019-11-14,START,END,01.00,Admin,a,"Slack w Audrey, study USAA Confluence pages in prep for interview tomorrow.",
1129,TIME,4.1,Wed,2019-11-13,START,END,01.00,Admin,a,"Email, Slack, timekeeping",
1133,TIME,4.1,Wed,2019-11-13,START,END,04.00,Kit Discovery OTE-10,a,SOW rewrite.,
1141,TIME,4.1,Wed,2019-11-13,START,END,00.75,MetaBank,a,Prep for call.  Create final files. Send files.,
1146,TIME,4.1,Wed,2019-11-13,START,END,01.00,Admin,a,Add final updates to MetaBank Confluence pages.,
1150,TIME,4.1,Wed,2019-11-13,09.00,10.25,01.25,MetaBank,a,Zoom. Randy Wilk. Review and finalize presentation,
1183,TIME,4.1,Tue,2019-11-12,START,END,01.00,Admin,a,"Email, Slack, timekeeping",
1188,TIME,4.1,Tue,2019-11-12,START,END,00.75,Sales Support,a,AlignTech call. Shaun T,
1204,TIME,4.1,Tue,2019-11-12,12.30,01.00,00.50,Kit OTE-10,a,Zoom w Clinton. Prosci questions.,
1231,TIME,4.1,Tue,2019-11-12,START,END,03.50,Kit OTE-10,a,Review SOW.  Create new SOW. Review CF pages,
1235,TIME,4.1,Tue,2019-11-12,11.00,12.00,01.00,Kit OTE-10,a,Zoom. Collaboration with Dan W,
1258,TIME,4.1,Mon,2019-11-11,START,END,01.00,Admin,a,"Email, Slack, timekeeping",
1272,TIME,4.1,Mon,2019-11-11,START,END,07.00,MetaBank,a,"Revise ORG-001, 002, 003, 004, 005, 006, 007, 008, 009, presentation",
1277,TIME,4.1,Fri,2019-11-08,START,END,01.00,Admin,a,"Email, Slack, timekeeping",
1280,TIME,4.1,Fri,2019-11-08,START,END,04.00,MetaBank,a,Write ORG-008.  Added to 007. Review SOW. Large revision of 004. Write 009,
1294,TIME,4.1,Fri,2019-11-08,START,END,01.00,Admin,a,Zoom w Scott Barnes re MetaBank,
1308,TIME,4.1,Fri,2019-11-08,START,END,01.50,MetaBank,a,Zoom Call with Randy Wilk,
1347,TIME,4.1,Fri,2019-11-08,START,END,00.50,Admin,a,Coach Couch,
1359,TIME,4.1,Thu,2019-11-07,START,END,01.00,Admin,a,"Email, Slack, timekeeping.",
1370,TIME,4.1,Thu,2019-11-07,START,END,00.75,Admin,a,"Talk with Carin Mills, ASPE. Training in Long Beach. Coaching follows. Coordinate with Patricia, Scott, Hugo",
1376,TIME,4.1,Thu,2019-11-07,START,END,6.25,MetaBank,a,Revise Epics.  Revise findings xls. Revise presentation. Send to Randy,
1385,TIME,4.1,Wed,2019-11-06,START,END,01.00,Admin,a,"Email, Skype, timekeeping",
1386,TIME,4.1,Wed,2019-11-06,START,END,00.50,Admin,a,Coordination for an assignment next week. Patricia,
1395,TIME,4.1,Wed,2019-11-06,START,END,6.5,MetaBank,a,"Refine Epics 005, 006, 007, findings spreadsheet. Changes to presentation.",
1400,TIME,4.1,Tue,2019-11-05,START,END,01.00,Admin,a,"Slack, email, timekeeping",
1401,TIME,4.1,Tue,2019-11-05,START,END,00.75,Admin,a,"Conversation with Patricia, Audrey re USAA role",
1417,TIME,4.1,Tue,2019-11-05,START,END,05.75,MetaBank,a,"Create ORG-006, ORG-007. Create MB xls. Send updated files to Randy",
1423,TIME,4.1,Tue,2019-11-05,START,END,00.50,Kit LPM,a,"Talk to Kim, Dan W. Drop portfolio_workshop_v5.pptx on the LPM CF page",
1428,TIME,4.1,Mon,2019-11-04,START,END,01.00,Admin,a,"Slack, email, timekeeping",
1434,TIME,4.1,Mon,2019-11-04,START,END,05.00,MetaBank,a,"Revise Findings xls. Write ORG-004, ORG-005",
1462,TIME,4.1,Mon,2019-11-04,START,END,00.75,"Presales, FireEye",a,Erick Rozelle called. Update on FireEye org,
1483,TIME,4.1,Mon,2019-11-04,START,END,00.50,Eagle Harbor,a,"Paul Williams called. Re SAFe SPCs, training. 4.6 vs 5.0, etc",
1498,TIME,4.1,Mon,2019-11-04,08.30,10.00,01.50,MetaBank,a,Zoom call with Randy Wilk,
1525,TIME,4.1,Fri,2019-11-01,START,END,01.00,Admin,a,"Email, Slack, timekeeping, etc",
1538,TIME,4.1,Fri,2019-11-01,START,END,03.75,MetaBank,a,"Create Sync share.  Update presentation, Findings spreadsheet mods, ORG-004 refinement",
1543,TIME,4.1,Fri,2019-11-01,START,END,1.5,Kit LPM,a,COMMENT,
1547,TIME,4.1,Fri,2019-11-01,START,END,00.50,Admin,a,Coach's Couch,
1560,TIME,4.1,Fri,2019-11-01,START,END,01.25,MetaBank,a,Zoom call with Randy,
1601,TIME,4.1,Thu,2019-10-31,START,END,01.00,Admin,a,"Email, Slack, timekeeping, etc",
1607,TIME,4.1,Thu,2019-10-31,START,END,01.50,Kit LPM,a,"Examine kit layout, contents. Examine bitbucket contents",
1616,TIME,4.1,Thu,2019-10-31,START,END,04.50,MetaBank,a,Write ORG-003.  Revise other Epics. Start ORG-004. Revise findings xls.,
1625,TIME,4.1,Wed,2019-10-30,START,END,02.00,Admin,a,Create weekly tracking timesheet template. Revisions. Reconstruct Tue,
1627,TIME,4.1,Wed,2019-10-30,START,END,01.00,Admin,a,"Manage email, slack, timekeeping, etc",
1631,TIME,4.1,Wed,2019-10-30,START,END,00.25,KIT-84 LPM,a,Communications w Dan W.,
1649,TIME,4.1,Wed,2019-10-30,START,END,04.75,MetaBank,a,"Update preso.  Update findings xls. Create epic ORG-001, ORG-002",
1658,TIME,4.0,Tue,2019-10-29,START,END,01.00,Admin,a,Update SW on Cprime laptop,
1676,TIME,4.0,Tue,2019-10-29,START,END,00.45,MetaBank,a,Modify spreadsheet w Randy's mods. Refinements.,
1682,TIME,4.0,Tue,2019-10-29,START,END,01.45,MetaBank,a,"Send presentation, State of Agile. Send PMO suggestion email.",
1686,TIME,4.0,Tue,2019-10-29,START,END,02.00,Kit-84 LPM,a,Review changes made by Steve A,
1688,TIME,4.0,Tue,2019-10-29,START,END,01.00,Kit-84 LPM,a,Zoom call w Steve A to coordinate Kit work,
1692,TIME,4.0,Tue,2019-10-29,01.30,02.15,01.15,MetaBank,a,Zoom call w Randy. Review findings & comments & presentation.,
1733,TIME,4.0,Mon,2019-10-28,START,END,02.00,MetaBank,a,Review Randy Wilk interview materials. Prep for tomorrow call.,
1747,TIME,4.0,Fri,2019-10-25,START,END,06.00,MetaBank,a,"Add to findings spreadsheet; recommendations, desired outcome, resources",
1757,TIME,4.0,Thu,2019-10-24,START,END,02.00,MetaBank,a,Refine findings,
1767,TIME,4.0,Thu,2019-10-24,10.25,11.40,01.15,MetaBank,a,Zoom call with Randy. Review findings spreadsheet,
1812,TIME,4.0,Wed,2019-10-23,START,END,06.00,MetaBank,a,Create interview addendum. Refine findings spreadsheet,
1869,TIME,4.0,Tue,2019-10-22,START,END,05.00,MetaBank,a,Revise findings.  Create survey addendum doc,
1894,TIME,4.0,Mon,2019-10-21,START,END,04.00,MetaBank,a,Research interview materials. V1 findings presentation.,
1932,TIME,4.0,Tue,2019-10-15,START,END,01.50,Eagle Harbor,a,Independent practice orals delivery,
1940,TIME,4.0,Mon,2019-10-14,16.00,20.00,04.15,Eagle Harbor,a,Practice orals delivery. In the Saint Hotel,
1959,TIME,4.0,Sat,2019-10-12,START,END,03.15,Eagle Harbor,a,Practice my orals slides,
1971,TIME,4.0,Fri,2019-10-11,START,END,02.00,Eagle Harbor,a,Download 3 Call Orders. Read #3,
1988,TIME,4.0,Fri,2019-10-11,10.00,12.30,02.30,Eagle Harbor,a,Revise materials with orals coach,
2013,TIME,4.0,Thu,2019-10-10,16.00,18.00,02.00,Eagle Harbor,a,Rework orals slides messages,
2018,TIME,4.0,Thu,2019-10-10,START,END,01.00,Eagle Harbor,a,Prep for 3P call prep for Orals,
2022,TIME,4.0,Thu,2019-10-10,03.00,05.40,03.00,Eagle Harbor,a,Orals prep conf call.  Confer with Paul on slide content.,
2049,TIME,4.0,Wed,2019-10-09,START,END,04.00,Eaagle Harbor,a,Study slides.  Develope slide content,
2054,TIME,4.0,Wed,2019-10-09,START,END,01.00, Eagle Harbor,a,Call with Thomas. Develop slide contents,
2162,TIME,4.0,Wed,2019-10-09,START,END,01.15,Eagle Harbor,a,Call with Thomas. Slide development.,
2209,TIME,4.0,Wed,2019-10-08,START,END,01.00,MetaBank,a,Add to Findings spreadshet,
2244,TIME,4.0,Tue,2019-10-08,START,END,2.5,Eagle Harbor,a,Orals prep call. Talk with Thomas,
2296,TIME,4.0,Wed,2019-10-09,START,END,00.45,Eagle Harbor,a,"Talk with Orals Coach, Amy",
2345,TIME,4.0,Fri,2019-10-04,13.50,14.35,00.45,Eagle Harbor,not,Talk with Paul Williams,
2408,TIME,4.0,Fri,2019-10-04,START,END,1.00,MetaBank,a,Phone call. Randy.  Review rev 1 findings,Hugo entered
2482,TIME,4.0,Tue,2019-10-01,START,END,01.15,MetaBank,a,"Interview Shelly, 45 min. Study interview notes from other staff.",Hugo entered
2483,TIME,4.0,Tue,2019-10-01,START,END,1.00,MetaBank,a,Review findings doc w Scott B. Review worksheets.,Hugo entered
2493,TIME,4.0,Mon,2019-09-30,START,END,3.00,MetaBank,a,Revise findings doc. Review findings with Chuck.,
2499,TIME,4.0,Sat,2019-09-28,START,END,02.00,MetaBank,a,Complete data aggratation. Ver 1 recommendations created,
2509,TIME,4.0,Fri,2019-09-27,START,END,01.00,MetaBank,a,Admin activities.  Schedule event. Email.,
2510,TIME,4.0,Fri,2019-09-27,START,END,00.30,MetaBank,a,Prep for Shelly interview. Phone call w Randy to reschedule interview,
2514,TIME,4.0,Fri,2019-09-27,START,END,05.00,MetaBank,a,Review interview data. Compile stats. Identify themes.,
2539,TIME,4.0,Fri,2019-09-27,START,END,00.45,Eagle Harbor,not,Conf call and Conversation with Scott,
2770,TIME,4.0,Fri,2019-09-27,START,END,02.00,MetaBank,a,Conduct survey.  Capture results and add to prior survery results.,
2852,TIME,4.0,Thu,2019-09-19,08.30,16.00,08.00,MetaBank,a,Onsite team obersrvations,
2951,TIME,4.0,Wed,2019-09-18,08.00,17.00,08.00,MetaBank,a,On-site team observations.,
3186,TIME,4.0,Mon,2019-09-16,08.30,10.15,01.45,MetaBank,a,Review Randy email. Respond to topics.,
3200,TIME,4.0,Mon,2019-09-16,14.00,18.00,04.00,MetaBank,a,Assessment work. Data prep and review. Staff comments. ID themes.,
3236,TIME,4.0,Fri,2019-09-13,START,END,01.00,MetaBank,a,Randy emails. Interviews review,
3238,TIME,4.0,Fri,2019-09-13,START,END,04.00,MetaBank,a,Refine survey spreadsheet data,
3244,TIME,4.0,Thu,2019-10-12,08.00,17.00,08.00,MetaBank,a,Assessment,
3252,TIME,4.0,Wed,2019-10-11,08.00,17.00,08.00,MetaBank,a,Assessment,
3275,TIME,4.0,Tue,2019-09-10,08.00,17.00,08.00,MetaBank,a,Assessment,
3398,TIME,4.0,Fri,2019-08-30,10.00,10.40,01.15,MetaBank,a,Prep. Weekly phone sync with Randy Wilk,
3609,TIME,4.0,Tue,2019-08-27,10.00,12.00,02.00,MetaBank,a,Review MB survey data. Write response. Send to Randy in email,
3655,TIME,4.0,Tue,2019-08-27,09.00,09.45,00.45,MetaBank,a,Prepare assessment survey,
3791,TIME,4.0,Mon,2019-08-19,08.00,09.15,01.15,MetaBank,a,Create assessment backlog items,
3795,TIME,4.0,Mon,2019-08-19,02.00,03.00,01.00,MetaBank,a,Support MetaBank w relevant materials for Randy Wilk,
3969,TIME,4.0,Tue,2019-08-13,14.00,14.30,00.30,Eagle Harbor,not,Phone call with Paul and Thomas,
4009,TIME,4.0,Tue,2019-08-13,09.30,11.00,01.30,metaBank,a,Conversation with Randy Wilk,
4062,TIME,4.0,Fri,2019-08-12,09.00,09.45,00.45,MetaBank,a,Randy call prep,
4711,TIME,4.0,Thu,2019-06-27,08.00,17.30,08.00,EHI,a,COMMENT,
4728,TIME,4.0,Wed,2019-06-26,08.00,17.30,08.00,EHI,a,COMMENT,
4798,TIME,4.0,Tue,2019-06-25,08.00,17.30,08.00,EHI,a,COMMENT,
4872,TIME,4.0,Mon,2019-06-24,08.00,17.30,08.00,EHI,a,COMMENT,
4915,TIME,4.0,Thu,2019-06-20,08.00,17.30,08.00,EHI,a,COMMENT,
4945,TIME,4.0,Wed,2019-06-19,08.00,17.30,08.00,EHI,a,COMMENT,
4969,TIME,4.0,Tue,2019-06-18,08.00,17.30,08.00,EHI,a,COMMENT,
4994,TIME,4.0,Mon,2019-06-17,08.00,17.30,08.00,EHI,a,COMMENT,
4999,TIME,4.0,Thu,2019-06-13,08.30,18.00,08.00,EHI,a,COMMENT,
5006,TIME,4.0,Wed,2019-06-12,08.30,18.00,08.00,EHI,a,COMMENT,
5013,TIME,4.0,Tue,2019-06-11,08.30,18.00,08.00,EHI,a,COMMENT,
5020,TIME,4.0,Mon,2019-06-11,08.30,18.00,08.00,EHI,a,COMMENT,
5097,TIME,4.0,Thu,2019-06-06,07.00,16.00,08.00,EHI,a,COMMENT,
5166,TIME,4.0,Wed,2019-06-05,07.00,16.00,08.00,EHI,a,COMMENT,
5254,TIME,4.0,Tue,2019-06-04,07.30,17.00,08.00,EHI,a,COMMENT,
5332,TIME,4.0,Mon,2019-06-03,07.30,17.00,08.00,EHI,a,COMMENT,
5411,TIME,4.0,Thu,2019-05-30,08.30,17.30,08.00,EHI,a,COMMENT,
5577,TIME,4.0,Wed,2019-05-29,08.30,17.30,08.00,EHI,a,COMMENT,
5629,TIME,4.0,Tue,2019-05-28,08.30,17.30,08.00,EHI,a,COMMENT,
5775,TIME,4.0,Mon,2019-05-20,08.30,08.55,00.25,EHI,a,Went to hospital,
5793,TIME,4.0,Wed,2019-05-15,08.30,19.30,08.00,EHI,a,COMMENT,
5833,TIME,4.0,Tue,2019-05-14,08.30,19.30,08.00,EHI,a,COMMENT,
5843,TIME,4.0,Mon,2019-05-13,08.30,19.30,08.00,EHI,a,COMMENT,
5926,TIME,4.0,Sun,2019-05-12,10.00,18.00,08.00,EHI,t,Sun Travel.Not billable,
5944,TIME,4.0,Thu,2019-05-09,08.00,15.00,08.00,EHI,a,COMMENT,
5945,TIME,4.0,Thu,2019-05-09,10.00,18.00,08.00,EHI,t,Travel.Not billable,Home
6000,TIME,4.0,Wed,2019-05-08,08.00,15.00,08.00,EHI,a,COMMENT,
6056,TIME,4.0,Tue,2019-05-07,10.00,18.00,08.00,EHI,t,Travel on Tue.Not billable,
6063,TIME,4.0,Mon,2019-05-06,07.00,16.00,08.00,EHI,a,COMMENT,
6208,TIME,4.0,Thu,2019-05-02,08.00,15.30,08.00,EHI,a,COMMENT,
6209,TIME,4.0,Tue,2019-05-02,10.00,18.00,08.00,EHI,t,Travel.Not billable,
6231,TIME,4.0,Wed,2019-05-01,08.00,17.30,08.00,EHI,a,COMMENT,
6382,TIME,4.0,Tue,2019-04-30,08.00,17.30,08.00,EHI,a,COMMENT,
6429,TIME,4.0,Mon,2019-04-29,08.00,17.30,08.00,EHI,a,COMMENT,
6488,TIME,4.0,Sun,2019-04-28,10.00,18.00,08.00,EHI,t,Sun Travel.Not billable,
6511,TIME,4.0,Tue,2019-04-25,08.00,17.30,08.00,EHI,a,COMMENT,
6512,TIME,4.0,Tue,2019-04-25,10.00,18.00,08.00,EHI,t,Travel.Not billable,
6551,TIME,4.0,Wed,2019-04-24,08.00,17.30,08.00,EHI,a,COMMENT,
6602,TIME,4.0,Tue,2019-04-23,08.00,17.30,08.00,EHI,a,COMMENT,
6635,TIME,4.0,Mon,2019-04-22,10.00,18.00,08.00,EHI,t,Travel.Not billable,
6704,TIME,4.0,Thu,2019-04-18,08.00,17.30,08.00,EHI,a,COMMENT,
6713,TIME,4.0,Wed,2019-04-18,10.00,18.00,08.00,EHI,t,Travel.Not billable,
6851,TIME,4.0,Wed,2019-04-17,08.00,17.30,08.00,EHI,a,COMMENT,
6916,TIME,4.0,Tue,2019-04-16,08.00,17.30,08.00,EHI,a,COMMENT,
6927,TIME,4.0,Mon,2019-04-15,08.00,17.30,08.00,EHI,a,COMMENT,
7010,TIME,4.0,Thu,2019-04-11,08.30,17.30,08.00,EHI,a,COMMENT,
7012,TIME,4.0,Thu,2019-04-04,10.00,18.00,08.00,EHI,t,Travel.Not billable,
7045,TIME,4.0,Wed,2019-04-10,08.30,17.30,08.00,EHI,a,COMMENT,
7164,TIME,4.0,Tue,2019-04-09,08.30,17.30,08.00,EHI,a,COMMENT,
7217,TIME,4.0,Mon,2019-04-08,08.30,17.30,08.00,EHI,a,COMMENT,
7227,TIME,4.0,Sun,2019-04-07,10.00,18.00,08.00,EHI,t,Travel.Not billable,
7238,TIME,4.0,Thu,2019-04-04,06.00,15.00,08.00,EHI,a,COMMENT,
7240,TIME,4.0,Thu,2019-04-04,10.00,18.00,08.00,EHI,t,Travel.Not billable,
7247,TIME,4.0,Wed,2019-04-03,06.00,15.00,08.00,EHI,a,COMMENT,
7252,TIME,4.0,Tue,2019-04-02,06.00,15.00,08.00,EHI,a,COMMENT,
7261,TIME,4.0,Mon,2019-04-01,06.00,15.00,08.00,EHI,a,COMMENT,
7269,TIME,4.0,Sun,2019-03-31,10.00,18.00,08.00,EHI,t,Travel.Not billable,
7275,TIME,4.0,Tue,2019-03-26,06.00,15.00,08.00,EHI,a,COMMENT,
7317,TIME,4.0,Mon,2019-03-25,06.00,15.00,08.00,EHI,a,COMMENT,
7419,TIME,4.0,Thu,2019-03-21,08.00,05.00,08.00,EHI,a,COMMENT,
7421,TIME,4.0,Thu,2019-03-21,10.00,18.00,08.00,EHI,t,Travel.Not billable,
7431,TIME,4.0,Wed,2019-03-20,08.00,05.00,08.00,EHI,a,COMMENT,
7440,TIME,4.0,Tue,2019-03-19,08.00,05.00,08.00,EHI,a,COMMENT,
7479,TIME,4.0,Mon,2019-03-18,08.00,05.00,08.00,EHI,a,COMMENT,
7481,TIME,4.0,Mon,2019-03-18,17.30,18.00,00.30,EHI,t,Coach's sync,Non-billable
7497,TIME,4.0,Sun,2019-03-17,10.00,18.00,08.00,EHI,t,Travel.Not billable,
7508,TIME,4.0,Thu,2019-03-14,08.00,05.00,08.00,EHI,a,COMMENT,
7509,TIME,4.0,Thu,2019-03-14,10.00,18.00,08.00,EHI,t,Travel.Not billable,
7525,TIME,4.0,Mon,2019-03-13,08.00,05.00,08.00,EHI,a,COMMENT,
7527,TIME,4.0,Mon,2019-03-13,20.00,21.00,01.00,EHI,t,Coach's sync,
7542,TIME,4.0,Mon,2019-03-12,08.00,05.00,08.00,EHI,a,COMMENT,
7544,TIME,4.0,Mon,2019-03-12,20.00,21.00,01.00,EHI,t,Coach's sync,Non-billable
7563,TIME,4.0,Mon,2019-03-11,08.00,05.00,08.00,EHI,a,COMMENT,
7564,TIME,4.0,Mon,2019-03-11,20.00,21.00,01.00,EHI,t,Coach's sync,
7565,TIME,4.0,Mon,2019-03-11,20.00,21.00,01.00,EHI,t,Prep for tomorrow,
7573,TIME,4.0,Sun,2019-03-10,10.00,18.00,08.00,EHI,t,Travel.Not billable,
7608,TIME,4.0,Thu,2019-03-07,08.00,15.30,08.00,EHI,a,COMMENT,
7618,TIME,4.0,Wed,2019-03-06,08.00,17.00,08.00,EHI,a,COMMENT,
7637,TIME,4.0,Tue,2019-03-05,08.00,17.00,08.00,EHI,a,COMMENT,
7668,TIME,4.0,Mon,2019-03-04,08.00,17.00,08.00,EHI,a,COMMENT,
7717,TIME,4.0,Thu,2019-02-28,08.00,13.00,08.00,EHI,a,COMMENT,
7729,TIME,4.0,Wed,2019-02-27,08.00,13.00,08.00,EHI,a,COMMENT,
7786,TIME,4.0,Tue,2019-02-26,08.00,13.00,08.00,EHI,a,COMMENT,
7830,TIME,4.0,Mon,2019-02-25,08.00,13.00,08.00,EHI,a,COMMENT,
7953,TIME,4.0,Thu,2019-02-21,08.00,13.00,08.00,EHI,a,Leading SAFe,
7961,TIME,4.0,Wed,2019-02-20,08.00,13.00,08.00,EHI,a,Leading SAFe,
8010,TIME,4.0,Tue,2019-02-19,08.00,13.00,08.00,EHI,a,SAFe for SMs,
8035,TIME,4.0,Mon,2019-02-18,08.00,13.00,08.00,EHI,a,SAFe for SMs,
9091,TIME,4.0,Wed,2019-01-02,08.00,18.00,08.00,FireEye,e,COMMENT,
9140,TIME,4.0,Fri,2018-12-21,08.00,18.00,08.00,Fireeye,e,COMMENT,
9246,TIME,4.0,Thu,2018-12-20,08.00,18.00,08.00,Fireeye,e,COMMENT,
9275,TIME,4.0,Wed,2018-12-19,08.00,18.00,08.00,Fireeye,e,COMMENT,
9319,TIME,4.0,Tue,2018-12-18,08.00,18.00,08.00,Fireeye,e,COMMENT,
9327,TIME,4.0,Mon,2018-12-17,08.00,18.00,08.00,Fireeye,e,COMMENT,
9334,TIME,4.0,Fri,2018-12-14,08.00,18.00,08.00,FireEye,e,COMMENT,
9344,TIME,4.0,Thu,2018-12-13,08.00,18.00,08.00,FireEye,e,COMMENT,
9353,TIME,4.0,Wed,2018-12-12,08.00,18.00,08.00,FireEye,e,COMMENT,
9361,TIME,4.0,Tue,2018-12-11,08.00,18.00,08.00,FireEye,e,COMMENT,
9370,TIME,4.0,Mon,2018-12-10,08.00,18.00,08.00,FireEye,e,COMMENT,
9383,TIME,4.0,Fri,2018-12-07,08.00,18.00,08.00,FireEye,e,COMMENT,
9406,TIME,4.0,Thu,2018-12-06,08.00,18.00,08.00,FireEye,e,COMMENT,
9428,TIME,4.0,Wed,2018-12-05,08.00,18.00,08.00,FireEye,e,COMMENT,
9517,TIME,4.0,Tue,2018-12-04,08.00,18.00,08.00,FireEye,e,COMMENT,
9549,TIME,4.0,Mon,2018-12-03,08.00,18.00,08.00,FireEye,e,COMMENT,
9578,TIME,4.0,Fri,2018-11-30,08.00,18.00,08.00,FireEye,e,COMMENT,
9629,TIME,4.0,Thu,2018-11-29,08.00,18.00,08.00,FireEye,e,COMMENT,
9648,TIME,4.0,Wed,2018-11-28,08.00,18.00,08.00,FireEye,e,COMMENT,
9672,TIME,4.0,Tue,2018-11-27,08.00,18.00,08.00,FireEye,e,COMMENT,
9679,TIME,4.0,Mon,2018-11-26,08.00,18.00,08.00,FireEye,e,COMMENT,
9718,TIME,4.0,Wed,2018-11-21,08.00,18.00,08.00,FireEye,e,COMMENT,
9745,TIME,4.0,Tue,2018-11-20,08.00,18.00,08.00,FireEye,e,COMMENT,
9768,TIME,4.0,Mon,2018-11-19,08.00,18.00,08.00,FireEye,e,COMMENT,
9810,TIME,4.0,Fri,2018-11-16,08.00,18.00,08.00,FireEye,e,COMMENT,
9850,TIME,4.0,Thu,2018-11-15,08.00,18.00,08.00,FireEye,e,COMMENT,
9869,TIME,4.0,Wed,2018-11-14,08.00,18.00,08.00,FireEye,e,COMMENT,
9918,TIME,4.0,Tue,2018-11-13,08.00,18.00,08.00,FireEye,e,COMMENT,
9941,TIME,4.0,Mon,2018-11-12,08.00,18.00,08.00,FireEye,e,COMMENT,
9948,TIME,4.0,Fri,2018-11-09,08.00,18.00,08.00,FireEye,e,COMMENT,
9955,TIME,4.0,Tue,2018-11-08,08.00,18.00,08.00,FireEye,e,COMMENT,
10046,TIME,4.0,Fri,2018-11-02,08.00,18.00,08.00,FireEye,e,COMMENT,
10071,TIME,4.0,Thu,2018-11-01,08.00,18.00,08.00,FireEye,new,COMMENT,
